[
  {
      "city_name": [
          "西宁", 
          "海东", 
          "海北", 
          "海南", 
          "黄南", 
          "果洛", 
          "玉树", 
          "海西", 
          "拉萨", 
          "昌都", 
          "山南", 
          "日喀则", 
          "那曲", 
          "阿里", 
          "林芝"
      ], 
      "population_data": {
          "2000": [
              113.98, 
              205.04, 
              25.94, 
              38.14, 
              19.75, 
              12.86, 
              25.27, 
              32.26, 
              39.79, 
              55.7, 
              31.6, 
              62.97, 
              35.65, 
              7.3, 
              14.71
          ], 
          "2001": [
              176.42, 
              148.8, 
              26.3, 
              38.93, 
              20.76, 
              13.41, 
              25.87, 
              33.01, 
              40.73, 
              58.88, 
              31.28, 
              63.92, 
              37.56, 
              7.84, 
              15.92
          ], 
          "2002": [
              178.4, 
              148.8, 
              26.6, 
              39.1, 
              20.9, 
              13.5, 
              26.3, 
              33.5, 
              41, 
              58.2, 
              31.8, 
              64.1, 
              37.7, 
              7.7, 
              15
          ], 
          "2003": [
              181, 
              148.2, 
              26.8, 
              21.3, 
              39.4, 
              13.9, 
              27.5, 
              34, 
              42.1, 
              58.3, 
              32, 
              64.8, 
              38.7, 
              7.8, 
              15.5
          ], 
          "2004": [
              183.3, 
              148.5, 
              27, 
              39.6, 
              21.5, 
              14.5, 
              28.3, 
              36, 
              43.5, 
              59, 
              32.3, 
              65.6, 
              39.5, 
              7.9, 
              15.7
          ], 
          "2005": [
              209.9, 
              156, 
              27.2, 
              22.1, 
              41.6, 
              14.9, 
              29.5, 
              42, 
              44.9, 
              59.7, 
              32.5, 
              66.4, 
              40.2, 
              8, 
              15.8
          ], 
          "2006": [
              212.7, 
              156.8, 
              27.4, 
              22.4, 
              42.2, 
              15.4, 
              30.3, 
              36.8, 
              45.3, 
              58.8, 
              32.4, 
              67.2, 
              40.5, 
              8.2, 
              16.2
          ], 
          "2007": [
              190, 
              155.4, 
              27.7, 
              23.2, 
              41.5, 
              15.5, 
              31.1, 
              37.4, 
              46.5, 
              59.9, 
              33, 
              68, 
              41.5, 
              8.3, 
              16.4
          ], 
          "2008": [
              190, 
              155.4, 
              27.7, 
              23.2, 
              41.5, 
              15.5, 
              31.1, 
              37.4, 
              46.5, 
              59.9, 
              33, 
              68, 
              41.5, 
              8.3, 
              16.4
          ], 
          "2009": [
              192.4, 
              157.5, 
              27.8, 
              24, 
              42.7, 
              16, 
              33.2, 
              38.1, 
              47.7, 
              60.9, 
              33.7, 
              69.1, 
              42.6, 
              8.6, 
              16.7
          ], 
          "2010": [
              193.9, 
              161.4, 
              28, 
              24.7, 
              44.1, 
              16.6, 
              35.7, 
              38.6, 
              57.1, 
              62.9, 
              33.4, 
              67.6, 
              42.2, 
              8.5, 
              18.3
          ], 
          "2011": [
              196, 
              161.8, 
              28.3, 
              25.4, 
              44.7, 
              17.4, 
              37.3, 
              39.1, 
              55.9, 
              65.8, 
              70.3, 
              32.9, 
              46.2, 
              9.6, 
              19.5
          ], 
          "2012": [
              197.4, 
              164.9, 
              28.6, 
              25.8, 
              45.1, 
              17.8, 
              38.5, 
              39.6, 
              57.1, 
              66.6, 
              58.1, 
              46.1, 
              46.8, 
              9.7, 
              19.8
          ], 
          "2013": [
              198.5, 
              167.8, 
              29, 
              26.3, 
              45.7, 
              18.9, 
              39.2, 
              40.3, 
              58.3, 
              67.4, 
              45.9, 
              59.3, 
              47.4, 
              9.8, 
              20.1
          ], 
          "2014": [
              200.3, 
              170.3, 
              29.3, 
              26.8, 
              46.3, 
              19.3, 
              39.5, 
              40.8, 
              59.5, 
              68.2, 
              33.8, 
              72.4, 
              48, 
              9.9, 
              20.3
          ], 
          "2015": [
              201.7, 
              173.1, 
              29.6, 
              27.3, 
              46.8, 
              19.9, 
              41.7, 
              41.4, 
              60.7, 
              69, 
              34, 
              72.4, 
              48.6, 
              10, 
              20.6
          ]
      }
  }, 
  {
      "city_name": [
          "城关区", 
          "堆龙德庆区", 
          "达孜区", 
          "林周县", 
          "当雄县", 
          "尼木县", 
          "曲水县", 
          "墨竹工卡县", 
          "桑珠孜区", 
          "江孜县", 
          "仁布县", 
          "白朗县", 
          "乃东区", 
          "贡嘎县", 
          "扎囊县"
      ], 
      "population_data": {
          "2000": [
              "4.3", 
              "4.1", 
              "2.6", 
              "5.5", 
              "3", 
              "3", 
              "3", 
              "4.1", 
              "9.3", 
              "6.1", 
              "3.1", 
              "4.1", 
              "3.8", 
              "4.6", 
              "3.7"
          ], 
          "2001": [
              "9.4", 
              "4", 
              "3", 
              "6", 
              "4", 
              "3", 
              "3", 
              "4", 
              "9", 
              "6", 
              "3", 
              "4", 
              "4", 
              "5", 
              "4"
          ], 
          "2002": [
              "14.4", 
              "4.1", 
              "2.6", 
              "5.6", 
              "4", 
              "2.9", 
              "3.1", 
              "4.1", 
              "9.4", 
              "6.2", 
              "3", 
              "4.2", 
              "5.4", 
              "4.7", 
              "3.7"
          ], 
          "2003": [
              "14.52", 
              "4", 
              "3", 
              "6", 
              "4", 
              "3", 
              "3", 
              "4", 
              "10", 
              "4", 
              "3", 
              "4", 
              "4", 
              "5", 
              "4"
          ], 
          "2004": [
              "14.64", 
              "4", 
              "3", 
              "6", 
              "4", 
              "3", 
              "3", 
              "4", 
              "10", 
              "6", 
              "3", 
              "4", 
              "4", 
              "5", 
              "4"
          ], 
          "2005": [
              "14.76", 
              "4", 
              "3", 
              "5", 
              "4", 
              "3", 
              "3", 
              "4", 
              "10", 
              "6", 
              "3", 
              "4", 
              "4", 
              "5", 
              "4"
          ], 
          "2006": [
              "14.88", 
              "4", 
              "3", 
              "6", 
              "4", 
              "3", 
              "3", 
              "4", 
              "10", 
              "5", 
              "3", 
              "4", 
              "6", 
              "5", 
              "4"
          ], 
          "2007": [
              "15", 
              "5", 
              "3", 
              "6", 
              "5", 
              "3", 
              "3", 
              "5", 
              "10", 
              "6", 
              "3", 
              "4", 
              "6", 
              "5", 
              "4"
          ], 
          "2008": [
              "15.12", 
              "4.6", 
              "2.7", 
              "5.8", 
              "4.8", 
              "3.1", 
              "3.3", 
              "4.6", 
              "10.6", 
              "6.5", 
              "3.2", 
              "4.4", 
              "6", 
              "5", 
              "4"
          ], 
          "2009": [
              "15.24", 
              "5", 
              "3", 
              "6", 
              "5", 
              "3", 
              "3", 
              "5", 
              "11", 
              "7", 
              "3", 
              "5", 
              "6", 
              "5", 
              "4"
          ], 
          "2010": [
              "15.36", 
              "6", 
              "3", 
              "6", 
              "5", 
              "3", 
              "3", 
              "5", 
              "11", 
              "7", 
              "3", 
              "5", 
              "6", 
              "5", 
              "4"
          ], 
          "2011": [
              "15.48", 
              "6", 
              "3", 
              "6", 
              "5", 
              "3", 
              "4", 
              "5", 
              "11", 
              "7", 
              "3", 
              "5", 
              "6", 
              "5", 
              "4"
          ], 
          "2012": [
              "15.5", 
              "7", 
              "3", 
              "6", 
              "5", 
              "3", 
              "4", 
              "5", 
              "11", 
              "7", 
              "3", 
              "5", 
              "6", 
              "5", 
              "4"
          ], 
          "2013": [
              "15.62", 
              "5", 
              "3", 
              "6", 
              "5", 
              "4", 
              "4", 
              "5", 
              "12", 
              "7", 
              "3", 
              "5", 
              "6", 
              "5", 
              "4"
          ], 
          "2014": [
              "15.74", 
              "5", 
              "3", 
              "6", 
              "5", 
              "3", 
              "4", 
              "5", 
              "12", 
              "7", 
              "3", 
              "5", 
              "6", 
              "5", 
              "4"
          ], 
          "2015": [
              "15.89", 
              "5", 
              "3", 
              "6", 
              "5", 
              "3", 
              "4", 
              "7", 
              "12", 
              "7", 
              "3", 
              "5", 
              "6", 
              "5", 
              "4"
          ]
      }
  }, 
  {
      "city_name": [
          "城关区", 
          "七里河区", 
          "西固区", 
          "安宁区", 
          "红古区", 
          "永登县", 
          "皋兰县", 
          "榆中县", 
          "白银区", 
          "平川区", 
          "靖远县", 
          "景泰县", 
          "安定区", 
          "陇西县", 
          "渭源县", 
          "临洮县", 
          "临夏市", 
          "永靖县", 
          "东乡族自治", 
          "积石山保安", 
          "城东区", 
          "城中区", 
          "城西区", 
          "城北区", 
          "大通回族土", 
          "湟中县", 
          "湟源县", 
          "乐都区", 
          "平安区", 
          "民和回族土", 
          "互助土族自", 
          "化隆回族自", 
          "循化撒拉族", 
          "海晏县", 
          "同仁县", 
          "尖扎县", 
          "共和县", 
          "贵德县", 
          "贵南县"
      ], 
      "population_data": {
          "2000": [
              "79.73 ", 
              "41.89 ", 
              "31.28 ", 
              "16.86 ", 
              "13.28 ", 
              "50", 
              "17", 
              "43", 
              "27.00 ", 
              "18.26 ", 
              "47", 
              "23", 
              "46.97 ", 
              "49", 
              "34", 
              "53", 
              "20", 
              "20", 
              "26", 
              "22", 
              "20.57 ", 
              "14.49 ", 
              "19.98 ", 
              "18.25 ", 
              "43", 
              "46", 
              "13", 
              "29.21 ", 
              "11.24 ", 
              "37", 
              "29", 
              "37", 
              "23", 
              "11", 
              "3", 
              "8", 
              "5", 
              "13", 
              "9", 
              "7"
          ], 
          "2001": [
              "80.08 ", 
              "42.09 ", 
              "31.44 ", 
              "16.94 ", 
              "13.35 ", 
              "51", 
              "17", 
              "43", 
              "27.18 ", 
              "18.40 ", 
              "47", 
              "23", 
              "47.27 ", 
              "49", 
              "35", 
              "54", 
              "20", 
              "20", 
              "26", 
              "23", 
              "20.97 ", 
              "14.76 ", 
              "20.58 ", 
              "18.51 ", 
              "43", 
              "46", 
              "13", 
              "29.12 ", 
              "11.22 ", 
              "37", 
              "29", 
              "37", 
              "23", 
              "11", 
              "3", 
              "8", 
              "5", 
              "12", 
              "9", 
              "7"
          ], 
          "2002": [
              "80.46 ", 
              "42.29 ", 
              "31.60 ", 
              "17.03 ", 
              "13.42 ", 
              "51", 
              "17.5", 
              "43.1", 
              "27.36 ", 
              "18.53 ", 
              "47.1", 
              "23.2", 
              "47.59 ", 
              "49.4", 
              "34.8", 
              "54", 
              "20.5", 
              "20", 
              "26.4", 
              "22.9", 
              "21.40 ", 
              "15.05 ", 
              "21.22 ", 
              "18.89 ", 
              "42.6", 
              "45.8", 
              "13.4", 
              "28.94 ", 
              "11.22 ", 
              "37.5", 
              "28.9", 
              "37.1", 
              "23", 
              "11.1", 
              "3.2", 
              "7.5", 
              "5", 
              "12.3", 
              "9.5", 
              "6.6"
          ], 
          "2003": [
              "81.61 ", 
              "43.01 ", 
              "31.96 ", 
              "17.79 ", 
              "13.61 ", 
              "51", 
              "18", 
              "43", 
              "27.88 ", 
              "19.36 ", 
              "46", 
              "23", 
              "47.61 ", 
              "49", 
              "35", 
              "54", 
              "21", 
              "20", 
              "27", 
              "23", 
              "21.40 ", 
              "15.05 ", 
              "21.22 ", 
              "18.89 ", 
              "43", 
              "46", 
              "13", 
              "28.94 ", 
              "11.22 ", 
              "37", 
              "29", 
              "37", 
              "23", 
              "11", 
              "3", 
              "8", 
              "5", 
              "12", 
              "10", 
              "7"
          ], 
          "2004": [
              "84.26 ", 
              "43.83 ", 
              "32.12 ", 
              "18.39 ", 
              "13.68 ", 
              "52", 
              "18", 
              "42", 
              "27.90 ", 
              "19.37 ", 
              "46", 
              "23", 
              "47.71 ", 
              "50", 
              "35", 
              "54", 
              "21", 
              "20", 
              "27", 
              "23", 
              "22.37 ", 
              "15.25 ", 
              "21.82 ", 
              "19.41 ", 
              "43", 
              "47", 
              "14", 
              "28.79 ", 
              "11.17 ", 
              "37", 
              "28", 
              "37", 
              "23", 
              "11", 
              "3", 
              "8", 
              "5", 
              "12", 
              "10", 
              "7"
          ], 
          "2005": [
              "93.98 ", 
              "48.01 ", 
              "33.76 ", 
              "22.43 ", 
              "14.17 ", 
              "50", 
              "17", 
              "42", 
              "27.96 ", 
              "19.41 ", 
              "47", 
              "23", 
              "47.16 ", 
              "50", 
              "34", 
              "53", 
              "21", 
              "20", 
              "27", 
              "23", 
              "22.59 ", 
              "15.48 ", 
              "22.81 ", 
              "20.04 ", 
              "43", 
              "47", 
              "14", 
              "28.06 ", 
              "10.92 ", 
              "38", 
              "28", 
              "38", 
              "24", 
              "12", 
              "33", 
              "8", 
              "5", 
              "12", 
              "10", 
              "7"
          ], 
          "2006": [
              "97.57 ", 
              "49.84 ", 
              "35.06 ", 
              "23.28 ", 
              "14.72 ", 
              "50", 
              "17", 
              "42", 
              "28.02 ", 
              "19.45 ", 
              "47", 
              "23", 
              "46.88 ", 
              "50", 
              "35", 
              "53", 
              "21", 
              "20", 
              "27", 
              "23", 
              "22.70 ", 
              "15.30 ", 
              "22.32 ", 
              "19.74 ", 
              "44", 
              "47", 
              "14", 
              "28.34 ", 
              "11.16 ", 
              "38", 
              "28", 
              "38", 
              "24", 
              "12", 
              "3", 
              "8", 
              "5", 
              "12", 
              "10", 
              "7"
          ], 
          "2007": [
              "98.25 ", 
              "50.19 ", 
              "35.31 ", 
              "23.44 ", 
              "14.83 ", 
              "50", 
              "17", 
              "42", 
              "28.10 ", 
              "19.48 ", 
              "47", 
              "23", 
              "46.95 ", 
              "50", 
              "35", 
              "53", 
              "21", 
              "20", 
              "27", 
              "23", 
              "23.07 ", 
              "15.66 ", 
              "23.25 ", 
              "20.44 ", 
              "44", 
              "47", 
              "14", 
              "28.40 ", 
              "11.44 ", 
              "38", 
              "28", 
              "38", 
              "24", 
              "12", 
              "3", 
              "8", 
              "5", 
              "12", 
              "10", 
              "7"
          ], 
          "2008": [
              "98.67 ", 
              "50.39 ", 
              "35.48 ", 
              "23.55 ", 
              "14.91 ", 
              "48", 
              "17", 
              "43", 
              "28.11 ", 
              "19.49 ", 
              "46", 
              "23", 
              "47.02 ", 
              "49", 
              "35", 
              "54", 
              "22", 
              "20", 
              "27", 
              "23", 
              "23.48 ", 
              "19.09 ", 
              "23.74 ", 
              "20.79 ", 
              "45", 
              "46", 
              "14", 
              "28.60 ", 
              "11.73 ", 
              "40", 
              "29", 
              "38", 
              "25", 
              "13", 
              "3", 
              "8", 
              "6", 
              "13", 
              "10", 
              "7"
          ], 
          "2009": [
              "99.07 ", 
              "50.60 ", 
              "35.63 ", 
              "23.66 ", 
              "14.78 ", 
              "49", 
              "17", 
              "43", 
              "28.43 ", 
              "19.58 ", 
              "46", 
              "23", 
              "47.08 ", 
              "49", 
              "35", 
              "54", 
              "22", 
              "20", 
              "28", 
              "23", 
              "23.85 ", 
              "22.73 ", 
              "20.67 ", 
              "21.04 ", 
              "45", 
              "46", 
              "14", 
              "28.80 ", 
              "11.89 ", 
              "41", 
              "29", 
              "39", 
              "27", 
              "14", 
              "4", 
              "9", 
              "6", 
              "14", 
              "11", 
              "8"
          ], 
          "2010": [
              "93.41 ", 
              "45.61 ", 
              "33.14 ", 
              "21.47 ", 
              "14.12 ", 
              "52", 
              "18", 
              "44", 
              "28.18 ", 
              "20.61 ", 
              "48", 
              "24", 
              "45.47 ", 
              "51", 
              "35", 
              "54", 
              "24", 
              "20", 
              "32", 
              "26", 
              "24.13 ", 
              "22.93 ", 
              "20.75 ", 
              "21.20 ", 
              "45", 
              "47", 
              "14", 
              "29.02 ", 
              "12.18 ", 
              "41", 
              "28", 
              "38", 
              "28", 
              "14", 
              "4", 
              "9", 
              "6", 
              "13", 
              "11", 
              "8"
          ], 
          "2011": [
              "128.53 ", 
              "56.41 ", 
              "36.56 ", 
              "28.19 ", 
              "13.62 ", 
              "52", 
              "18", 
              "44", 
              "29.59 ", 
              "19.28 ", 
              "48", 
              "24", 
              "42.15 ", 
              "51", 
              "35", 
              "55", 
              "24", 
              "21", 
              "29", 
              "26", 
              "24.87 ", 
              "23.08 ", 
              "21.00 ", 
              "21.34 ", 
              "44", 
              "44", 
              "14", 
              "28.24 ", 
              "12.18 ", 
              "42", 
              "29", 
              "39", 
              "28", 
              "13", 
              "4", 
              "9", 
              "6", 
              "13", 
              "10", 
              "8"
          ], 
          "2012": [
              "128.47 ", 
              "56.46 ", 
              "36.62 ", 
              "27.96 ", 
              "13.83 ", 
              "53", 
              "18", 
              "44", 
              "29.73 ", 
              "19.38 ", 
              "47", 
              "24", 
              "42.37 ", 
              "51", 
              "35", 
              "53", 
              "24", 
              "21", 
              "32", 
              "26", 
              "25.07 ", 
              "23.27 ", 
              "21.13 ", 
              "21.49 ", 
              "46", 
              "48", 
              "14", 
              "28.54 ", 
              "12.40 ", 
              "43", 
              "29", 
              "39", 
              "29", 
              "15", 
              "4", 
              "9", 
              "6", 
              "14", 
              "11", 
              "8"
          ], 
          "2013": [
              "129.25 ", 
              "56.76 ", 
              "36.65 ", 
              "28.02 ", 
              "13.83 ", 
              "53", 
              "19", 
              "44", 
              "29.87 ", 
              "19.41 ", 
              "48", 
              "23", 
              "42.40 ", 
              "51", 
              "34", 
              "54", 
              "25", 
              "21", 
              "33", 
              "26", 
              "25.26 ", 
              "23.96 ", 
              "21.62 ", 
              "21.87 ", 
              "46", 
              "48", 
              "13", 
              "29.11 ", 
              "12.75 ", 
              "13", 
              "44", 
              "40", 
              "30", 
              "15", 
              "4", 
              "10", 
              "6", 
              "14", 
              "11", 
              "8"
          ], 
          "2014": [
              "130.12 ", 
              "57.04 ", 
              "36.79 ", 
              "28.12 ", 
              "13.90 ", 
              "44", 
              "14", 
              "45", 
              "29.99 ", 
              "19.40 ", 
              "48", 
              "24", 
              "42.43 ", 
              "52", 
              "35", 
              "55", 
              "25", 
              "21", 
              "30", 
              "26", 
              "25.36 ", 
              "24.33 ", 
              "22.25 ", 
              "22.11 ", 
              "46", 
              "49", 
              "13", 
              "12.88 ", 
              "29.38 ", 
              "13", 
              "44", 
              "40", 
              "29", 
              "16", 
              "4", 
              "10", 
              "6", 
              "14", 
              "11", 
              "8"
          ], 
          "2015": [
              "130.19 ", 
              "56.82 ", 
              "36.69 ", 
              "28.21 ", 
              "14.00 ", 
              "44", 
              "15", 
              "45", 
              "29.97 ", 
              "19.50 ", 
              "50", 
              "24", 
              "42.55 ", 
              "52", 
              "35", 
              "55", 
              "25", 
              "21", 
              "33", 
              "27", 
              "25.26 ", 
              "24.20 ", 
              "22.62 ", 
              "22.17 ", 
              "46", 
              "48", 
              "14", 
              "28.72 ", 
              "12.65 ", 
              "13", 
              "43", 
              "40", 
              "30", 
              "16", 
              "4", 
              "10", 
              "6", 
              "14", 
              "11", 
              "8"
          ]
      }
  }, 
  {
      "city_name": [
          "康马县", 
          "定结县", 
          "岗巴县", 
          "定日县", 
          "仲巴县", 
          "亚东县", 
          "吉隆县", 
          "聂拉木县", 
          "萨嘎县", 
          "普兰县", 
          "札达县", 
          "噶尔县", 
          "日土县", 
          "米林县", 
          "墨脱县", 
          "察隅县", 
          "朗县", 
          "洛扎县", 
          "隆子县", 
          "错那县", 
          "浪卡子县"
      ], 
      "population_data": {
          "2000": [
              "1.9", 
              "1.8", 
              "0.9", 
              "5", 
              "2", 
              "1", 
              "1", 
              "1", 
              "1", 
              "1", 
              "1", 
              "1", 
              "1", 
              "2", 
              "1", 
              "3", 
              "1", 
              "2", 
              "3", 
              "2", 
              "3.3"
          ], 
          "2001": [
              "2", 
              "2", 
              "1", 
              "5 ", 
              "2 ", 
              "1 ", 
              "1 ", 
              "1 ", 
              "1 ", 
              "1 ", 
              "1 ", 
              "1 ", 
              "1 ", 
              "2 ", 
              "1 ", 
              "3 ", 
              "1 ", 
              "2 ", 
              "3 ", 
              "2 ", 
              "3"
          ], 
          "2002": [
              "2", 
              "1.8", 
              "0.9", 
              "5 ", 
              "2 ", 
              "1 ", 
              "1 ", 
              "1 ", 
              "1 ", 
              "1 ", 
              "1 ", 
              "1 ", 
              "1 ", 
              "2 ", 
              "1 ", 
              "3 ", 
              "1 ", 
              "2 ", 
              "3 ", 
              "2 ", 
              "3.4"
          ], 
          "2003": [
              "2", 
              "2", 
              "1", 
              "5 ", 
              "2 ", 
              "1 ", 
              "1 ", 
              "2 ", 
              "1 ", 
              "1 ", 
              "1 ", 
              "1 ", 
              "1 ", 
              "2 ", 
              "1 ", 
              "3 ", 
              "1 ", 
              "2 ", 
              "3 ", 
              "2 ", 
              "3"
          ], 
          "2004": [
              "2", 
              "2", 
              "1", 
              "5 ", 
              "2 ", 
              "1 ", 
              "1 ", 
              "2 ", 
              "1 ", 
              "1 ", 
              "1 ", 
              "1 ", 
              "1 ", 
              "2 ", 
              "1 ", 
              "3 ", 
              "1 ", 
              "2 ", 
              "3 ", 
              "2 ", 
              "3"
          ], 
          "2005": [
              "2", 
              "2", 
              "1", 
              "5", 
              "2", 
              "1", 
              "1", 
              "2", 
              "1", 
              "1", 
              "1", 
              "1", 
              "1", 
              "2", 
              "1", 
              "3", 
              "1", 
              "2", 
              "3", 
              "2", 
              "4"
          ], 
          "2006": [
              "2", 
              "2", 
              "1", 
              "5 ", 
              "2 ", 
              "1 ", 
              "1 ", 
              "2 ", 
              "1 ", 
              "1 ", 
              "1 ", 
              "1 ", 
              "1 ", 
              "2 ", 
              "1 ", 
              "3 ", 
              "1 ", 
              "2 ", 
              "3 ", 
              "2 ", 
              "3"
          ], 
          "2007": [
              "2", 
              "2", 
              "1", 
              "5 ", 
              "2 ", 
              "1 ", 
              "1 ", 
              "2 ", 
              "1 ", 
              "1 ", 
              "1 ", 
              "1 ", 
              "1 ", 
              "2 ", 
              "1 ", 
              "3 ", 
              "1 ", 
              "2 ", 
              "3 ", 
              "2 ", 
              "4"
          ], 
          "2008": [
              "2.1", 
              "1.9", 
              "1", 
              "5 ", 
              "2 ", 
              "1 ", 
              "2 ", 
              "2 ", 
              "1 ", 
              "1 ", 
              "1 ", 
              "1 ", 
              "1 ", 
              "2 ", 
              "1 ", 
              "3 ", 
              "2 ", 
              "2 ", 
              "4 ", 
              "2 ", 
              "4"
          ], 
          "2009": [
              "2", 
              "2", 
              "1", 
              "5 ", 
              "2 ", 
              "1 ", 
              "2 ", 
              "2 ", 
              "1 ", 
              "1 ", 
              "1 ", 
              "1 ", 
              "1 ", 
              "2 ", 
              "1 ", 
              "3 ", 
              "2 ", 
              "2 ", 
              "4 ", 
              "2 ", 
              "4"
          ], 
          "2010": [
              "2", 
              "2", 
              "1", 
              "5", 
              "2", 
              "1", 
              "2", 
              "2", 
              "1", 
              "1", 
              "1", 
              "1", 
              "1", 
              "2", 
              "1", 
              "3", 
              "2", 
              "2", 
              "4", 
              "2", 
              "4"
          ], 
          "2011": [
              "2", 
              "2", 
              "1", 
              "5 ", 
              "2 ", 
              "1 ", 
              "2 ", 
              "2 ", 
              "1 ", 
              "1 ", 
              "1 ", 
              "1 ", 
              "1 ", 
              "2 ", 
              "1 ", 
              "3 ", 
              "2 ", 
              "2 ", 
              "4 ", 
              "2 ", 
              "4"
          ], 
          "2012": [
              "2", 
              "2", 
              "1", 
              "5 ", 
              "2 ", 
              "1 ", 
              "2 ", 
              "2 ", 
              "1 ", 
              "1 ", 
              "1 ", 
              "1 ", 
              "1 ", 
              "2 ", 
              "1 ", 
              "3 ", 
              "2 ", 
              "2 ", 
              "4 ", 
              "2 ", 
              "4"
          ], 
          "2013": [
              "2", 
              "2", 
              "1", 
              "5 ", 
              "2 ", 
              "1 ", 
              "2 ", 
              "2 ", 
              "1 ", 
              "1 ", 
              "1 ", 
              "1 ", 
              "1 ", 
              "2 ", 
              "1 ", 
              "3 ", 
              "2 ", 
              "2 ", 
              "4 ", 
              "2 ", 
              "4"
          ], 
          "2014": [
              "2", 
              "2", 
              "1", 
              "5 ", 
              "2 ", 
              "1 ", 
              "2 ", 
              "2 ", 
              "1 ", 
              "1 ", 
              "1 ", 
              "1 ", 
              "1 ", 
              "2 ", 
              "1 ", 
              "3 ", 
              "2 ", 
              "2 ", 
              "4 ", 
              "2 ", 
              "4"
          ], 
          "2015": [
              "2", 
              "2", 
              "1", 
              "5 ", 
              "2 ", 
              "1 ", 
              "3 ", 
              "3 ", 
              "1 ", 
              "1 ", 
              "1 ", 
              "1 ", 
              "1 ", 
              "2 ", 
              "1 ", 
              "3 ", 
              "3 ", 
              "2 ", 
              "5 ", 
              "2 ", 
              "4"
          ]
      }
  }
]