[
  {
      "urbanization_data": [
          0.224, 
          0.254, 
          0.27, 
          0.299, 
          0.369, 
          0.352, 
          0.388, 
          0.427, 
          0.442, 
          0.476, 
          0.496, 
          0.53, 
          0.597, 
          0.604, 
          0.665, 
          0.708
      ], 
      "ecological_data": [
          0.504, 
          0.49, 
          0.517, 
          0.452, 
          0.531, 
          0.513, 
          0.486, 
          0.481, 
          0.501, 
          0.53, 
          0.549, 
          0.601, 
          0.578, 
          0.556, 
          0.53, 
          0.543
      ]
  }, 
  {
      "urbanization_data": [
          0.27, 
          0.276, 
          0.281, 
          0.287, 
          0.293, 
          0.304, 
          0.31, 
          0.316, 
          0.322, 
          0.328, 
          0.34, 
          0.358, 
          0.376, 
          0.394, 
          0.413, 
          0.449
      ], 
      "ecological_data": [
          0.546, 
          0.545, 
          0.545, 
          0.544, 
          0.544, 
          0.543, 
          0.543, 
          0.543, 
          0.542, 
          0.542, 
          0.542, 
          0.543, 
          0.543, 
          0.543, 
          0.544, 
          0.544
      ]
  }, 
  {
      "urbanization_data": [
          0.337, 
          0.355, 
          0.374, 
          0.392, 
          0.411, 
          0.448, 
          0.465, 
          0.482, 
          0.499, 
          0.516, 
          0.549, 
          0.601, 
          0.653, 
          0.705, 
          0.757, 
          0.86
      ], 
      "ecological_data": [
          0.314, 
          0.322, 
          0.329, 
          0.336, 
          0.343, 
          0.357, 
          0.356, 
          0.355, 
          0.354, 
          0.353, 
          0.35, 
          0.352, 
          0.353, 
          0.354, 
          0.355, 
          0.358
      ]
  }, 
  {
      "urbanization_data": [
          0, 
          0, 
          0, 
          0, 
          0, 
          0, 
          0, 
          0, 
          0, 
          0, 
          0, 
          0, 
          0, 
          0, 
          0, 
          0
      ], 
      "ecological_data": [
          0, 
          0, 
          0, 
          0, 
          0, 
          0, 
          0, 
          0, 
          0, 
          0, 
          0, 
          0, 
          0, 
          0, 
          0, 
          0
      ]
  }
]