[
  {
      "city_name": [
          "西宁", 
          "海东", 
          "海北", 
          "黄南", 
          "海南", 
          "果洛", 
          "玉树", 
          "海西", 
          "拉萨", 
          "日喀则", 
          "昌都", 
          "林芝", 
          "山南", 
          "那曲", 
          "阿里"
      ], 
      "urban_land_data": {
          "2000": [
              4979, 
              1086, 
              1057, 
              482, 
              1006, 
              552, 
              526, 
              3341, 
              3262, 
              937, 
              22, 
              337, 
              368, 
              366, 
              388
          ], 
          "2001": [
              5276, 
              1089, 
              1057, 
              480, 
              1006, 
              579, 
              526, 
              3341, 
              3331, 
              1056, 
              25, 
              398, 
              424, 
              368, 
              388
          ], 
          "2002": [
              5573, 
              1092, 
              1057, 
              478, 
              1006, 
              606, 
              526, 
              3341, 
              3400, 
              1175, 
              28, 
              459, 
              480, 
              370, 
              388
          ], 
          "2003": [
              5870, 
              1095, 
              1057, 
              476, 
              1006, 
              633, 
              526, 
              3341, 
              3469, 
              1294, 
              31, 
              520, 
              536, 
              372, 
              388
          ], 
          "2004": [
              6167, 
              1098, 
              1057, 
              474, 
              1006, 
              660, 
              526, 
              3341, 
              3538, 
              1413, 
              34, 
              581, 
              592, 
              374, 
              388
          ], 
          "2005": [
              6462, 
              1103, 
              1057, 
              473, 
              1006, 
              687, 
              526, 
              3341, 
              3608, 
              1532, 
              37, 
              640, 
              649, 
              375, 
              388
          ], 
          "2006": [
              6494, 
              1111, 
              1055, 
              513, 
              1006, 
              691, 
              526, 
              3341, 
              3628, 
              1542, 
              39, 
              661, 
              649, 
              375, 
              388
          ], 
          "2007": [
              6526, 
              1119, 
              1053, 
              553, 
              1006, 
              695, 
              526, 
              3341, 
              3648, 
              1552, 
              41, 
              682, 
              649, 
              375, 
              388
          ], 
          "2008": [
              6558, 
              1127, 
              1051, 
              593, 
              1006, 
              699, 
              526, 
              3341, 
              3668, 
              1562, 
              43, 
              703, 
              649, 
              375, 
              388
          ], 
          "2009": [
              6590, 
              1135, 
              1049, 
              633, 
              1006, 
              703, 
              526, 
              3341, 
              3688, 
              1572, 
              45, 
              724, 
              649, 
              375, 
              388
          ], 
          "2010": [
              6622, 
              1144, 
              1046, 
              671, 
              1006, 
              707, 
              526, 
              3341, 
              3707, 
              1581, 
              47, 
              745, 
              649, 
              375, 
              388
          ], 
          "2011": [
              6669, 
              1178, 
              1091, 
              690, 
              1006, 
              808, 
              598, 
              3450, 
              4040, 
              1644, 
              91, 
              802, 
              684, 
              409, 
              429
          ], 
          "2012": [
              6716, 
              1212, 
              1136, 
              709, 
              1007, 
              909, 
              670, 
              3559, 
              4373, 
              1707, 
              135, 
              859, 
              719, 
              443, 
              470
          ], 
          "2013": [
              6763, 
              1246, 
              1181, 
              728, 
              1007, 
              1010, 
              742, 
              3668, 
              4706, 
              1770, 
              179, 
              916, 
              754, 
              477, 
              511
          ], 
          "2014": [
              6810, 
              1280, 
              1226, 
              747, 
              1007, 
              1111, 
              814, 
              3777, 
              5039, 
              1833, 
              223, 
              973, 
              789, 
              511, 
              552
          ], 
          "2015": [
              6859, 
              1316, 
              1273, 
              766, 
              1008, 
              1210, 
              884, 
              3885, 
              5374, 
              1898, 
              267, 
              1028.826, 
              543, 
              591
          ]
      }
  }, 
  {
      "city_name": [
          "城关区", 
          "堆龙德庆区", 
          "达孜区", 
          "林周县", 
          "当雄县", 
          "尼木县", 
          "曲水县", 
          "墨竹工卡县", 
          "桑珠孜区", 
          "江孜县", 
          "仁布县", 
          "白朗县", 
          "乃东区", 
          "贡嘎县", 
          "扎囊县"
      ], 
      "urban_land_data": {
          "2000": [
              "533 ", 
              "2729 ", 
              "0 ", 
              "0 ", 
              "0 ", 
              "0 ", 
              "0 ", 
              "0 ", 
              "817", 
              "120 ", 
              "0 ", 
              "0 ", 
              "342 ", 
              "0 ", 
              "26 "
          ], 
          "2001": [
              "544 ", 
              "2787 ", 
              "0 ", 
              "0 ", 
              "0 ", 
              "0 ", 
              "0 ", 
              "0 ", 
              "905", 
              "133 ", 
              "0 ", 
              "0 ", 
              "398 ", 
              "0 ", 
              "26 "
          ], 
          "2002": [
              "555 ", 
              "2845 ", 
              "0 ", 
              "0 ", 
              "0 ", 
              "0 ", 
              "0 ", 
              "0 ", 
              "993", 
              "146 ", 
              "0 ", 
              "0 ", 
              "454 ", 
              "0 ", 
              "26 "
          ], 
          "2003": [
              "567 ", 
              "2903 ", 
              "0 ", 
              "0 ", 
              "0 ", 
              "0 ", 
              "0 ", 
              "0 ", 
              "1081", 
              "158 ", 
              "0 ", 
              "0 ", 
              "511 ", 
              "0 ", 
              "26 "
          ], 
          "2004": [
              "578 ", 
              "2961 ", 
              "0 ", 
              "0 ", 
              "0 ", 
              "0 ", 
              "0 ", 
              "0 ", 
              "1169", 
              "171 ", 
              "0 ", 
              "0 ", 
              "567 ", 
              "0 ", 
              "26 "
          ], 
          "2005": [
              "589 ", 
              "3019 ", 
              "0 ", 
              "0 ", 
              "0 ", 
              "0 ", 
              "0 ", 
              "0 ", 
              "1345", 
              "184 ", 
              "0 ", 
              "0 ", 
              "623 ", 
              "0 ", 
              "26 "
          ], 
          "2006": [
              "592 ", 
              "3034 ", 
              "0 ", 
              "0 ", 
              "0 ", 
              "1 ", 
              "0 ", 
              "0 ", 
              "1350 ", 
              "189 ", 
              "0 ", 
              "0 ", 
              "623 ", 
              "0 ", 
              "26 "
          ], 
          "2007": [
              "595 ", 
              "3050 ", 
              "0 ", 
              "0 ", 
              "0 ", 
              "2 ", 
              "0 ", 
              "0 ", 
              "1355 ", 
              "194 ", 
              "0 ", 
              "0 ", 
              "623 ", 
              "0 ", 
              "26 "
          ], 
          "2008": [
              "598 ", 
              "3065 ", 
              "0 ", 
              "0 ", 
              "0 ", 
              "4 ", 
              "0 ", 
              "0 ", 
              "1359 ", 
              "199 ", 
              "0 ", 
              "0 ", 
              "623 ", 
              "0 ", 
              "26 "
          ], 
          "2009": [
              "601 ", 
              "3081 ", 
              "0 ", 
              "0 ", 
              "0 ", 
              "5 ", 
              "0 ", 
              "0 ", 
              "1364 ", 
              "204 ", 
              "0 ", 
              "0 ", 
              "623 ", 
              "0 ", 
              "26 "
          ], 
          "2010": [
              "605 ", 
              "3096 ", 
              "0 ", 
              "0 ", 
              "0 ", 
              "6 ", 
              "0 ", 
              "0 ", 
              "1369", 
              "209 ", 
              "0 ", 
              "0 ", 
              "623 ", 
              "0 ", 
              "26 "
          ], 
          "2011": [
              "654 ", 
              "3352 ", 
              "2 ", 
              "9 ", 
              "9 ", 
              "11 ", 
              "3 ", 
              "0 ", 
              "1390 ", 
              "217 ", 
              "2 ", 
              "3 ", 
              "633 ", 
              "5 ", 
              "27 "
          ], 
          "2012": [
              "704 ", 
              "3607 ", 
              "4 ", 
              "18 ", 
              "18 ", 
              "17 ", 
              "6 ", 
              "0 ", 
              "1412 ", 
              "224 ", 
              "3 ", 
              "7 ", 
              "644 ", 
              "10 ", 
              "28 "
          ], 
          "2013": [
              "754 ", 
              "3862 ", 
              "6 ", 
              "27 ", 
              "27 ", 
              "22 ", 
              "10 ", 
              "0 ", 
              "1433 ", 
              "232 ", 
              "5 ", 
              "10 ", 
              "654 ", 
              "14 ", 
              "29 "
          ], 
          "2014": [
              "804 ", 
              "4117 ", 
              "8 ", 
              "36 ", 
              "36 ", 
              "28 ", 
              "13 ", 
              "0 ", 
              "1455 ", 
              "239 ", 
              "6 ", 
              "14 ", 
              "665 ", 
              "19 ", 
              "30 "
          ], 
          "2015": [
              "853 ", 
              "4372 ", 
              "10 ", 
              "45 ", 
              "45 ", 
              "33 ", 
              "16 ", 
              "0 ", 
              "1476 ", 
              "247 ", 
              "8 ", 
              "17 ", 
              "675 ", 
              "24 ", 
              "31 "
          ]
      }
  }, 
  {
      "city_name": [
          "城关区", 
          "七里河区", 
          "西固区", 
          "安宁区", 
          "红古区", 
          "永登县", 
          "皋兰县", 
          "榆中县", 
          "白银区", 
          "平川区", 
          "靖远县", 
          "景泰县", 
          "安定区", 
          "陇西县", 
          "渭源县", 
          "临洮县", 
          "临夏市", 
          "永靖县", 
          "东乡族自治", 
          "积石山保安", 
          "城东区", 
          "城中区", 
          "城西区", 
          "城北区", 
          "大通回族土", 
          "湟中县", 
          "湟源县", 
          "乐都区", 
          "平安区", 
          "民和回族土", 
          "互助土族自", 
          "化隆回族自", 
          "循化撒拉族", 
          "海晏县", 
          "同仁县", 
          "尖扎县", 
          "共和县", 
          "贵德县", 
          "贵南县"
      ], 
      "urban_land_data": {
          "2000": [
              "46.61 ", 
              "32.25 ", 
              "41.86 ", 
              "19.67 ", 
              "17.51 ", 
              "87.36 ", 
              "27.34 ", 
              "63.87 ", 
              "58.51 ", 
              "31.67 ", 
              "92.92 ", 
              "49.40 ", 
              "52.20 ", 
              "42.17 ", 
              "39.81 ", 
              "65.88 ", 
              "23.67 ", 
              "18.72 ", 
              "19.78 ", 
              "16.68 ", 
              "23.08 ", 
              "16.72 ", 
              "10.74 ", 
              "25.18 ", 
              "61.46 ", 
              "79.66 ", 
              "28.27 ", 
              "33.99 ", 
              "16.97 ", 
              "19.98 ", 
              "69.37 ", 
              "28.80 ", 
              "12.74 ", 
              "8.28 ", 
              "5.55 ", 
              "6.90 ", 
              "34.71 ", 
              "21.73 ", 
              "11.32 "
          ], 
          "2001": [
              "47.68 ", 
              "32.73 ", 
              "42.18 ", 
              "20.09 ", 
              "17.65 ", 
              "88.15 ", 
              "27.57 ", 
              "64.84 ", 
              "59.19 ", 
              "31.81 ", 
              "93.56 ", 
              "49.84 ", 
              "53.48 ", 
              "43.10 ", 
              "39.92 ", 
              "66.43 ", 
              "23.92 ", 
              "19.11 ", 
              "19.93 ", 
              "16.86 ", 
              "24.41 ", 
              "17.79 ", 
              "11.12 ", 
              "26.58 ", 
              "61.88 ", 
              "79.84 ", 
              "28.40 ", 
              "34.03 ", 
              "17.24 ", 
              "20.07 ", 
              "69.44 ", 
              "28.79 ", 
              "12.76 ", 
              "8.28 ", 
              "5.32 ", 
              "6.90 ", 
              "34.73 ", 
              "21.73 ", 
              "11.31 "
          ], 
          "2002": [
              "48.76 ", 
              "33.21 ", 
              "42.49 ", 
              "20.50 ", 
              "17.78 ", 
              "88.93 ", 
              "27.79 ", 
              "65.81 ", 
              "59.88 ", 
              "31.94 ", 
              "94.20 ", 
              "50.27 ", 
              "54.76 ", 
              "44.03 ", 
              "40.02 ", 
              "66.99 ", 
              "24.17 ", 
              "19.50 ", 
              "20.07 ", 
              "17.04 ", 
              "25.73 ", 
              "18.86 ", 
              "11.51 ", 
              "27.97 ", 
              "62.29 ", 
              "80.02 ", 
              "28.52 ", 
              "34.07 ", 
              "17.50 ", 
              "20.16 ", 
              "69.51 ", 
              "28.79 ", 
              "12.77 ", 
              "8.28 ", 
              "5.09 ", 
              "6.90 ", 
              "34.75 ", 
              "21.72 ", 
              "11.30 "
          ], 
          "2003": [
              "49.83 ", 
              "33.69 ", 
              "42.81 ", 
              "20.92 ", 
              "17.92 ", 
              "89.72 ", 
              "28.02 ", 
              "66.78 ", 
              "60.56 ", 
              "32.08 ", 
              "94.84 ", 
              "50.71 ", 
              "56.04 ", 
              "44.96 ", 
              "40.13 ", 
              "67.54 ", 
              "24.43 ", 
              "19.90 ", 
              "20.22 ", 
              "17.23 ", 
              "27.06 ", 
              "19.93 ", 
              "11.89 ", 
              "29.37 ", 
              "62.71 ", 
              "80.21 ", 
              "28.65 ", 
              "34.12 ", 
              "17.77 ", 
              "20.25 ", 
              "69.58 ", 
              "28.78 ", 
              "12.79 ", 
              "8.28 ", 
              "4.86 ", 
              "6.91 ", 
              "34.77 ", 
              "21.72 ", 
              "11.29 "
          ], 
          "2004": [
              "50.90 ", 
              "34.16 ", 
              "43.12 ", 
              "21.34 ", 
              "18.06 ", 
              "90.51 ", 
              "28.25 ", 
              "67.75 ", 
              "61.24 ", 
              "32.22 ", 
              "95.47 ", 
              "51.14 ", 
              "57.31 ", 
              "45.89 ", 
              "40.23 ", 
              "68.09 ", 
              "24.68 ", 
              "20.29 ", 
              "20.36 ", 
              "17.41 ", 
              "28.38 ", 
              "20.99 ", 
              "12.27 ", 
              "30.76 ", 
              "63.13 ", 
              "80.39 ", 
              "28.77 ", 
              "34.16 ", 
              "18.03 ", 
              "20.34 ", 
              "69.64 ", 
              "28.77 ", 
              "12.81 ", 
              "8.28 ", 
              "4.63 ", 
              "6.91 ", 
              "34.78 ", 
              "21.71 ", 
              "11.27 "
          ], 
          "2005": [
              "53.05 ", 
              "35.12 ", 
              "43.75 ", 
              "22.17 ", 
              "18.33 ", 
              "92.08 ", 
              "28.70 ", 
              "69.69 ", 
              "62.61 ", 
              "32.49 ", 
              "96.75 ", 
              "52.01 ", 
              "59.87 ", 
              "47.75 ", 
              "40.44 ", 
              "69.20 ", 
              "25.18 ", 
              "21.07 ", 
              "20.65 ", 
              "17.77 ", 
              "31.03 ", 
              "23.13 ", 
              "13.04 ", 
              "33.55 ", 
              "63.96 ", 
              "80.75 ", 
              "29.02 ", 
              "34.24 ", 
              "18.56 ", 
              "20.52 ", 
              "69.78 ", 
              "28.76 ", 
              "12.84 ", 
              "8.28 ", 
              "4.17 ", 
              "6.91 ", 
              "34.82 ", 
              "21.70 ", 
              "11.25 "
          ], 
          "2006": [
              "53.05 ", 
              "35.12 ", 
              "43.84 ", 
              "22.17 ", 
              "18.55 ", 
              "92.62 ", 
              "28.72 ", 
              "69.92 ", 
              "62.75 ", 
              "32.56 ", 
              "97.31 ", 
              "52.08 ", 
              "60.06 ", 
              "47.94 ", 
              "40.52 ", 
              "69.35 ", 
              "25.36 ", 
              "21.11 ", 
              "20.70 ", 
              "17.79 ", 
              "31.10 ", 
              "23.29 ", 
              "13.12 ", 
              "33.57 ", 
              "64.28 ", 
              "81.50 ", 
              "29.04 ", 
              "34.27 ", 
              "18.59 ", 
              "20.56 ", 
              "69.84 ", 
              "28.77 ", 
              "12.83 ", 
              "8.32 ", 
              "4.34 ", 
              "6.92 ", 
              "34.82 ", 
              "21.76 ", 
              "11.22 "
          ], 
          "2007": [
              "53.05 ", 
              "35.13 ", 
              "43.94 ", 
              "22.17 ", 
              "18.77 ", 
              "93.16 ", 
              "28.73 ", 
              "70.15 ", 
              "62.89 ", 
              "32.62 ", 
              "97.87 ", 
              "52.15 ", 
              "60.24 ", 
              "48.13 ", 
              "40.61 ", 
              "69.50 ", 
              "25.53 ", 
              "21.15 ", 
              "20.75 ", 
              "17.81 ", 
              "31.16 ", 
              "23.46 ", 
              "13.19 ", 
              "33.58 ", 
              "64.60 ", 
              "82.25 ", 
              "29.05 ", 
              "34.30 ", 
              "18.63 ", 
              "20.59 ", 
              "69.90 ", 
              "28.77 ", 
              "12.82 ", 
              "8.35 ", 
              "4.50 ", 
              "6.93 ", 
              "34.82 ", 
              "21.83 ", 
              "11.20 "
          ], 
          "2008": [
              "53.05 ", 
              "35.13 ", 
              "44.03 ", 
              "22.17 ", 
              "18.99 ", 
              "93.71 ", 
              "28.75 ", 
              "70.39 ", 
              "63.04 ", 
              "32.69 ", 
              "98.44 ", 
              "52.22 ", 
              "60.43 ", 
              "48.33 ", 
              "40.69 ", 
              "69.66 ", 
              "25.71 ", 
              "21.19 ", 
              "20.80 ", 
              "17.84 ", 
              "31.23 ", 
              "23.62 ", 
              "13.27 ", 
              "33.60 ", 
              "64.93 ", 
              "83.00 ", 
              "29.07 ", 
              "34.34 ", 
              "18.66 ", 
              "20.63 ", 
              "69.96 ", 
              "28.78 ", 
              "12.81 ", 
              "8.39 ", 
              "4.67 ", 
              "6.94 ", 
              "34.82 ", 
              "21.89 ", 
              "11.17 "
          ], 
          "2009": [
              "53.05 ", 
              "35.13 ", 
              "44.12 ", 
              "22.17 ", 
              "19.20 ", 
              "94.25 ", 
              "28.77 ", 
              "70.62 ", 
              "63.18 ", 
              "32.76 ", 
              "99.00 ", 
              "52.28 ", 
              "60.62 ", 
              "48.52 ", 
              "40.77 ", 
              "69.81 ", 
              "25.89 ", 
              "21.22 ", 
              "20.84 ", 
              "17.86 ", 
              "31.29 ", 
              "23.78 ", 
              "13.34 ", 
              "33.61 ", 
              "65.25 ", 
              "83.74 ", 
              "29.09 ", 
              "34.37 ", 
              "18.69 ", 
              "20.66 ", 
              "70.02 ", 
              "28.78 ", 
              "12.79 ", 
              "8.43 ", 
              "4.83 ", 
              "6.94 ", 
              "34.82 ", 
              "21.95 ", 
              "11.14 "
          ], 
          "2010": [
              "53.05 ", 
              "35.14 ", 
              "44.31 ", 
              "22.17 ", 
              "19.64 ", 
              "95.33 ", 
              "28.80 ", 
              "71.08 ", 
              "63.46 ", 
              "32.89 ", 
              "100.12 ", 
              "52.42 ", 
              "60.99 ", 
              "48.90 ", 
              "40.94 ", 
              "70.11 ", 
              "26.24 ", 
              "21.30 ", 
              "20.94 ", 
              "17.90 ", 
              "31.42 ", 
              "24.11 ", 
              "13.49 ", 
              "33.64 ", 
              "65.89 ", 
              "85.24 ", 
              "29.12 ", 
              "34.43 ", 
              "18.76 ", 
              "20.73 ", 
              "70.14 ", 
              "28.79 ", 
              "12.77 ", 
              "8.50 ", 
              "5.16 ", 
              "6.96 ", 
              "34.82 ", 
              "22.08 ", 
              "11.09 "
          ], 
          "2011": [
              "54.79 ", 
              "36.49 ", 
              "44.52 ", 
              "23.11 ", 
              "20.34 ", 
              "105.30 ", 
              "40.04 ", 
              "74.16 ", 
              "65.55 ", 
              "33.02 ", 
              "100.34 ", 
              "52.99 ", 
              "63.07 ", 
              "50.24 ", 
              "42.15 ", 
              "71.25 ", 
              "27.16 ", 
              "22.09 ", 
              "21.09 ", 
              "18.65 ", 
              "31.52 ", 
              "25.06 ", 
              "13.68 ", 
              "34.54 ", 
              "66.55 ", 
              "88.51 ", 
              "29.65 ", 
              "34.62 ", 
              "19.05 ", 
              "20.77 ", 
              "71.28 ", 
              "28.79 ", 
              "12.77 ", 
              "8.69 ", 
              "5.25 ", 
              "6.96 ", 
              "43.75 ", 
              "22.16 ", 
              "11.13 "
          ], 
          "2012": [
              "56.53 ", 
              "37.84 ", 
              "44.73 ", 
              "24.04 ", 
              "21.05 ", 
              "115.26 ", 
              "51.28 ", 
              "77.23 ", 
              "67.64 ", 
              "33.15 ", 
              "100.56 ", 
              "53.56 ", 
              "65.15 ", 
              "51.58 ", 
              "43.36 ", 
              "72.39 ", 
              "28.08 ", 
              "22.88 ", 
              "21.23 ", 
              "19.39 ", 
              "31.62 ", 
              "26.01 ", 
              "13.87 ", 
              "35.43 ", 
              "67.20 ", 
              "91.79 ", 
              "30.18 ", 
              "34.80 ", 
              "19.34 ", 
              "20.80 ", 
              "72.42 ", 
              "28.79 ", 
              "12.77 ", 
              "8.88 ", 
              "5.34 ", 
              "6.96 ", 
              "52.68 ", 
              "22.24 ", 
              "11.16 "
          ], 
          "2013": [
              "58.28 ", 
              "39.19 ", 
              "44.94 ", 
              "24.98 ", 
              "21.75 ", 
              "125.23 ", 
              "62.53 ", 
              "80.31 ", 
              "69.74 ", 
              "33.29 ", 
              "100.78 ", 
              "54.13 ", 
              "67.24 ", 
              "52.92 ", 
              "44.57 ", 
              "73.53 ", 
              "29.00 ", 
              "23.67 ", 
              "21.38 ", 
              "20.14 ", 
              "31.72 ", 
              "26.97 ", 
              "14.07 ", 
              "36.33 ", 
              "67.86 ", 
              "95.06 ", 
              "30.71 ", 
              "34.99 ", 
              "19.63 ", 
              "20.84 ", 
              "73.57 ", 
              "28.79 ", 
              "12.77 ", 
              "9.08 ", 
              "5.43 ", 
              "6.96 ", 
              "61.61 ", 
              "22.32 ", 
              "11.20 "
          ], 
          "2014": [
              "60.02 ", 
              "40.53 ", 
              "45.14 ", 
              "25.92 ", 
              "22.45 ", 
              "135.19 ", 
              "73.77 ", 
              "83.38 ", 
              "71.83 ", 
              "33.42 ", 
              "100.99 ", 
              "54.70 ", 
              "69.32 ", 
              "54.25 ", 
              "45.77 ", 
              "74.66 ", 
              "29.91 ", 
              "24.45 ", 
              "21.52 ", 
              "20.88 ", 
              "31.81 ", 
              "27.92 ", 
              "14.26 ", 
              "37.23 ", 
              "68.52 ", 
              "98.33 ", 
              "31.24 ", 
              "35.18 ", 
              "19.91 ", 
              "20.87 ", 
              "74.71 ", 
              "28.79 ", 
              "12.76 ", 
              "9.27 ", 
              "5.52 ", 
              "6.96 ", 
              "70.53 ", 
              "22.40 ", 
              "11.24 "
          ], 
          "2015": [
              "63.50 ", 
              "43.23 ", 
              "45.56 ", 
              "27.79 ", 
              "23.86 ", 
              "155.12 ", 
              "96.25 ", 
              "89.53 ", 
              "76.01 ", 
              "33.68 ", 
              "101.43 ", 
              "55.84 ", 
              "73.48 ", 
              "56.93 ", 
              "48.19 ", 
              "76.94 ", 
              "31.75 ", 
              "26.03 ", 
              "21.81 ", 
              "22.37 ", 
              "32.01 ", 
              "29.82 ", 
              "14.64 ", 
              "39.02 ", 
              "69.83 ", 
              "104.88 ", 
              "32.30 ", 
              "35.55 ", 
              "20.49 ", 
              "20.94 ", 
              "76.99 ", 
              "28.79 ", 
              "12.76 ", 
              "9.65 ", 
              "5.70 ", 
              "6.96 ", 
              "88.39 ", 
              "22.56 ", 
              "11.31 "
          ]
      }
  }, 
  {
      "city_name": [
          "康马县", 
          "定结县", 
          "岗巴县", 
          "定日县", 
          "仲巴县", 
          "亚东县", 
          "吉隆县", 
          "聂拉木县", 
          "萨嘎县", 
          "普兰县", 
          "札达县", 
          "噶尔县", 
          "日土县", 
          "米林县", 
          "墨脱县", 
          "察隅县", 
          "朗县", 
          "洛扎县", 
          "隆子县", 
          "错那县", 
          "浪卡子县"
      ], 
      "urban_land_data": {
          "2000": [
              "0 ", 
              "0 ", 
              "0 ", 
              "0 ", 
              "0 ", 
              "0 ", 
              "0 ", 
              "0 ", 
              "0 ", 
              "0 ", 
              "0 ", 
              "0 ", 
              "0 ", 
              "0 ", 
              "0 ", 
              "15 ", 
              "0 ", 
              "0 ", 
              "0 ", 
              "0 ", 
              "0 "
          ], 
          "2001": [
              "0 ", 
              "0 ", 
              "0 ", 
              "0 ", 
              "0 ", 
              "0 ", 
              "0 ", 
              "1 ", 
              "0 ", 
              "0 ", 
              "0 ", 
              "64 ", 
              "0 ", 
              "0 ", 
              "0 ", 
              "15 ", 
              "0 ", 
              "0 ", 
              "0 ", 
              "0 ", 
              "0 "
          ], 
          "2002": [
              "0 ", 
              "0 ", 
              "0 ", 
              "0 ", 
              "0 ", 
              "0 ", 
              "0 ", 
              "1 ", 
              "0 ", 
              "0 ", 
              "0 ", 
              "127 ", 
              "0 ", 
              "0 ", 
              "0 ", 
              "15 ", 
              "0 ", 
              "0 ", 
              "0 ", 
              "0 ", 
              "0 "
          ], 
          "2003": [
              "0 ", 
              "0 ", 
              "0 ", 
              "0 ", 
              "0 ", 
              "0 ", 
              "0 ", 
              "2 ", 
              "0 ", 
              "0 ", 
              "0 ", 
              "191 ", 
              "0 ", 
              "0 ", 
              "0 ", 
              "15 ", 
              "0 ", 
              "0 ", 
              "0 ", 
              "0 ", 
              "0 "
          ], 
          "2004": [
              "0 ", 
              "0 ", 
              "0 ", 
              "0 ", 
              "0 ", 
              "0 ", 
              "0 ", 
              "2 ", 
              "0 ", 
              "0 ", 
              "0 ", 
              "254 ", 
              "0 ", 
              "0 ", 
              "0 ", 
              "15 ", 
              "0 ", 
              "0 ", 
              "0 ", 
              "0 ", 
              "0 "
          ], 
          "2005": [
              "0 ", 
              "0 ", 
              "0 ", 
              "0 ", 
              "0 ", 
              "0 ", 
              "0 ", 
              "3 ", 
              "0 ", 
              "0 ", 
              "0 ", 
              "318 ", 
              "0 ", 
              "0 ", 
              "0 ", 
              "15 ", 
              "0 ", 
              "0 ", 
              "0 ", 
              "0 ", 
              "0 "
          ], 
          "2006": [
              "0 ", 
              "0 ", 
              "0 ", 
              "0 ", 
              "0 ", 
              "0 ", 
              "0 ", 
              "3 ", 
              "0 ", 
              "0 ", 
              "0 ", 
              "318 ", 
              "0 ", 
              "0 ", 
              "0 ", 
              "15 ", 
              "0 ", 
              "0 ", 
              "0 ", 
              "0 ", 
              "0 "
          ], 
          "2007": [
              "0 ", 
              "0 ", 
              "0 ", 
              "0 ", 
              "0 ", 
              "0 ", 
              "0 ", 
              "3 ", 
              "0 ", 
              "0 ", 
              "0 ", 
              "318 ", 
              "0 ", 
              "0 ", 
              "0 ", 
              "15 ", 
              "0 ", 
              "0 ", 
              "0 ", 
              "0 ", 
              "0 "
          ], 
          "2008": [
              "0 ", 
              "0 ", 
              "0 ", 
              "0 ", 
              "0 ", 
              "0 ", 
              "0 ", 
              "3 ", 
              "0 ", 
              "0 ", 
              "0 ", 
              "318 ", 
              "0 ", 
              "0 ", 
              "0 ", 
              "15 ", 
              "0 ", 
              "0 ", 
              "0 ", 
              "0 ", 
              "0 "
          ], 
          "2009": [
              "0 ", 
              "0 ", 
              "0 ", 
              "0 ", 
              "0 ", 
              "0 ", 
              "0 ", 
              "3 ", 
              "0 ", 
              "0 ", 
              "0 ", 
              "318 ", 
              "0 ", 
              "0 ", 
              "0 ", 
              "15 ", 
              "0 ", 
              "0 ", 
              "0 ", 
              "0 ", 
              "0 "
          ], 
          "2010": [
              "0 ", 
              "0 ", 
              "0 ", 
              "0 ", 
              "0 ", 
              "0 ", 
              "0 ", 
              "3 ", 
              "0 ", 
              "0 ", 
              "0 ", 
              "318 ", 
              "0 ", 
              "0 ", 
              "0 ", 
              "15 ", 
              "0 ", 
              "0 ", 
              "0 ", 
              "0 ", 
              "0 "
          ], 
          "2011": [
              "5 ", 
              "4 ", 
              "0 ", 
              "2 ", 
              "1 ", 
              "1 ", 
              "2 ", 
              "3 ", 
              "3 ", 
              "3 ", 
              "3 ", 
              "334 ", 
              "9 ", 
              "6 ", 
              "7 ", 
              "16 ", 
              "0 ", 
              "1 ", 
              "3 ", 
              "0 ", 
              "3 "
          ], 
          "2012": [
              "10 ", 
              "8 ", 
              "0 ", 
              "4 ", 
              "2 ", 
              "2 ", 
              "4 ", 
              "3 ", 
              "6 ", 
              "6 ", 
              "5 ", 
              "350 ", 
              "18 ", 
              "13 ", 
              "14 ", 
              "16 ", 
              "0 ", 
              "2 ", 
              "5 ", 
              "0 ", 
              "7 "
          ], 
          "2013": [
              "15 ", 
              "12 ", 
              "0 ", 
              "7 ", 
              "4 ", 
              "2 ", 
              "5 ", 
              "3 ", 
              "10 ", 
              "9 ", 
              "8 ", 
              "367 ", 
              "28 ", 
              "19 ", 
              "22 ", 
              "17 ", 
              "0 ", 
              "3 ", 
              "8 ", 
              "0 ", 
              "10 "
          ], 
          "2014": [
              "20 ", 
              "16 ", 
              "0 ", 
              "9 ", 
              "5 ", 
              "3 ", 
              "7 ", 
              "3 ", 
              "13 ", 
              "12 ", 
              "10 ", 
              "383 ", 
              "37 ", 
              "26 ", 
              "29 ", 
              "17 ", 
              "0 ", 
              "4 ", 
              "10 ", 
              "0 ", 
              "14 "
          ], 
          "2015": [
              "25 ", 
              "20 ", 
              "0 ", 
              "11 ", 
              "6 ", 
              "4 ", 
              "9 ", 
              "3 ", 
              "16 ", 
              "15 ", 
              "13 ", 
              "399 ", 
              "46 ", 
              "32 ", 
              "36 ", 
              "18 ", 
              "0 ", 
              "5 ", 
              "13 ", 
              "0 ", 
              "17 "
          ]
      }
  }
]