[
  {
      "city_name": [
          "西宁", 
          "海东", 
          "海北", 
          "黄南", 
          "海南", 
          "果洛", 
          "玉树", 
          "海西", 
          "拉萨", 
          "昌都", 
          "山南", 
          "日喀则", 
          "那曲", 
          "阿里", 
          "林芝"
      ], 
      "sum_data": {
          "2000": [
              "2.33680898", 
              "3.180403716", 
              "2.257657427", 
              "2.624818197", 
              "2.279779091", 
              "3.9386783", 
              "3.048572471", 
              "1.242187609", 
              "3.948751857", 
              "6.297306021", 
              "5.180161642", 
              "5.3738952", 
              "4.233685725", 
              "1.152219681", 
              "2.703993186"
          ], 
          "2001": [
              "2.513492192", 
              "3.460240986", 
              "2.22830202", 
              "2.687684023", 
              "2.415768752", 
              "3.900255112", 
              "3.171909601", 
              "1.156845309", 
              "4.076281291", 
              "6.434658201", 
              "5.220169118", 
              "5.560411221", 
              "4.402719444", 
              "1.105231528", 
              "3.246695977"
          ], 
          "2002": [
              "2.490475096", 
              "3.463450731", 
              "2.928951602", 
              "2.075208504", 
              "2.475635056", 
              "3.867546913", 
              "3.089115429", 
              "1.365858696", 
              "4.128280213", 
              "6.483430638", 
              "5.607450577", 
              "5.55382885", 
              "4.372021658", 
              "0.906428676", 
              "3.78712293"
          ], 
          "2003": [
              "2.587192757", 
              "3.597273955", 
              "2.209992481", 
              "2.791129732", 
              "2.441816278", 
              "3.901273072", 
              "3.028769627", 
              "1.280882556", 
              "4.138162246", 
              "6.372566701", 
              "5.625896619", 
              "5.544775219", 
              "4.280199704", 
              "1.154468158", 
              "3.952559661"
          ], 
          "2004": [
              "2.515823977", 
              "3.598781085", 
              "2.236892054", 
              "2.826901723", 
              "2.498371965", 
              "3.923126519", 
              "3.100612768", 
              "1.314313455", 
              "4.062068406", 
              "6.369352709", 
              "5.523263268", 
              "5.371172533", 
              "4.419780598", 
              "1.02119713", 
              "3.570837675"
          ], 
          "2005": [
              "2.594752758", 
              "3.683331677", 
              "2.312497386", 
              "2.898006536", 
              "2.626274191", 
              "4.072040333", 
              "3.24141942", 
              "1.446760021", 
              "3.939384793", 
              "6.410494221", 
              "5.430385383", 
              "5.554359491", 
              "4.379356933", 
              "1.057353785", 
              "3.877999009"
          ], 
          "2006": [
              "2.563894609", 
              "3.463920748", 
              "2.332790326", 
              "2.850079689", 
              "2.552169242", 
              "4.035875337", 
              "3.058671131", 
              "1.374494067", 
              "3.906551435", 
              "6.426088241", 
              "5.564308997", 
              "5.292762238", 
              "4.13277291", 
              "1.100059083", 
              "4.114569043"
          ], 
          "2007": [
              "2.645278988", 
              "3.78451675", 
              "2.280589404", 
              "2.892724116", 
              "2.595945589", 
              "3.95026848", 
              "3.087334133", 
              "1.361167616", 
              "3.903969218", 
              "6.398852688", 
              "5.382686221", 
              "5.279129277", 
              "4.12856681", 
              "1.105453459", 
              "3.853634665"
          ], 
          "2008": [
              "2.505952082", 
              "3.700359398", 
              "2.168199146", 
              "2.818809471", 
              "2.557336968", 
              "3.887545867", 
              "3.066201452", 
              "1.324806876", 
              "3.889215287", 
              "6.324521282", 
              "5.135312623", 
              "5.588419983", 
              "4.252497412", 
              "1.156740165", 
              "3.270997463"
          ], 
          "2009": [
              "2.604749228", 
              "3.795848425", 
              "2.304845172", 
              "2.915997716", 
              "2.649424505", 
              "4.065354149", 
              "3.292206742", 
              "1.439187551", 
              "3.977701028", 
              "6.476463219", 
              "5.410952243", 
              "5.225685218", 
              "4.495065272", 
              "1.011892903", 
              "4.018171443"
          ], 
          "2010": [
              "2.666060743", 
              "3.982388682", 
              "2.530265923", 
              "3.008398266", 
              "2.891632422", 
              "4.179993246", 
              "3.288041607", 
              "1.533429578", 
              "3.762565361", 
              "6.509072831", 
              "4.986956215", 
              "5.118002343", 
              "4.409152957", 
              "1.105794546", 
              "3.46567882"
          ], 
          "2011": [
              "2.53995591", 
              "3.507497997", 
              "2.340221629", 
              "2.773596339", 
              "2.608136825", 
              "3.867714738", 
              "3.079163344", 
              "1.435265976", 
              "4.172797933", 
              "6.540833971", 
              "5.666826054", 
              "5.771108443", 
              "4.367244526", 
              "1.247730051", 
              "4.084009127"
          ], 
          "2012": [
              "2.75695621", 
              "4.042486382", 
              "2.563151088", 
              "3.000199462", 
              "2.934392037", 
              "4.190924402", 
              "3.289781466", 
              "1.556483465", 
              "4.153038171", 
              "6.54187909", 
              "5.635105619", 
              "5.73384622", 
              "4.503024332", 
              "1.126724112", 
              "3.908896743"
          ], 
          "2013": [
              "2.620174938", 
              "3.885370798", 
              "2.434775775", 
              "2.963929638", 
              "2.692977572", 
              "4.080585506", 
              "3.082737608", 
              "1.395919196", 
              "4.069155795", 
              "6.423789975", 
              "5.726501648", 
              "5.764098181", 
              "4.241664795", 
              "1.204735787", 
              "4.221141621"
          ], 
          "2014": [
              "2.591491327", 
              "3.804090776", 
              "2.350450913", 
              "2.873841141", 
              "2.545645596", 
              "3.954865834", 
              "3.178961733", 
              "1.390165208", 
              "3.806349185", 
              "6.18707595", 
              "5.01268789", 
              "5.715299603", 
              "4.38839408", 
              "1.197329825", 
              "2.785980728"
          ], 
          "2015": [
              "2.571692559", 
              "3.718283118", 
              "2.525562489", 
              "2.555225121", 
              "2.804680494", 
              "3.929132651", 
              "2.430353513", 
              "1.215752815", 
              "3.279042217", 
              "5.006316006", 
              "6.331656566", 
              "4.290101629", 
              "5.511858323", 
              "4.078568829", 
              "1.128564626"
          ]
      }
  }, 
  {
      "city_name": [
          "城关区", 
          "堆龙德庆区", 
          "达孜区", 
          "林周县", 
          "当雄县", 
          "尼木县", 
          "曲水县", 
          "墨竹工卡县", 
          "桑珠孜区", 
          "江孜县", 
          "仁布县", 
          "白朗县", 
          "乃东区", 
          "贡嘎县", 
          "扎囊县"
      ], 
      "sum_data": {
          "2000": [
              "0.496379366", 
              "0.481661003", 
              "0.551284236", 
              "0.413344327", 
              "0.408711986", 
              "0.465554937", 
              "0.575262512", 
              "0.55655349", 
              "0.345324507", 
              "0.370490622", 
              "0.34039872", 
              "0.453235381", 
              "0.493727024", 
              "0.461236015", 
              "0.45683834"
          ], 
          "2001": [
              "0.517073785", 
              "0.504355064", 
              "0.560469682", 
              "0.433391644", 
              "0.449648104", 
              "0.468708726", 
              "0.577802067", 
              "0.564832219", 
              "0.36664751", 
              "0.391774029", 
              "0.35887386", 
              "0.474074248", 
              "0.491179916", 
              "0.484070343", 
              "0.460119517"
          ], 
          "2002": [
              "0.515236375", 
              "0.504252929", 
              "0.570148032", 
              "0.432457886", 
              "0.451518343", 
              "0.464264224", 
              "0.595586298", 
              "0.594816126", 
              "0.357659224", 
              "0.386468989", 
              "0.352912028", 
              "0.474184353", 
              "0.523613925", 
              "0.510520552", 
              "0.471058599"
          ], 
          "2003": [
              "0.53140161", 
              "0.50990855", 
              "0.560595041", 
              "0.421598155", 
              "0.438756328", 
              "0.483300654", 
              "0.606699721", 
              "0.585902187", 
              "0.356936252", 
              "0.392986633", 
              "0.355542441", 
              "0.457421511", 
              "0.52250161", 
              "0.5080638", 
              "0.462034519"
          ], 
          "2004": [
              "0.518141894", 
              "0.487457905", 
              "0.562170855", 
              "0.431478363", 
              "0.427286793", 
              "0.459367634", 
              "0.594024469", 
              "0.582140493", 
              "0.360956891", 
              "0.379460938", 
              "0.350261264", 
              "0.446546578", 
              "0.519082845", 
              "0.497377768", 
              "0.462669183"
          ], 
          "2005": [
              "0.490563596", 
              "0.473466876", 
              "0.536169373", 
              "0.415423215", 
              "0.425041689", 
              "0.442088196", 
              "0.586898413", 
              "0.569733435", 
              "0.37924105", 
              "0.379479767", 
              "0.3604174", 
              "0.453281845", 
              "0.497262339", 
              "0.489518064", 
              "0.444824086"
          ], 
          "2006": [
              "0.492478829", 
              "0.468080173", 
              "0.527083865", 
              "0.380613251", 
              "0.431698337", 
              "0.448922291", 
              "0.581006805", 
              "0.576667884", 
              "0.334565261", 
              "0.353668259", 
              "0.311923047", 
              "0.443132932", 
              "0.49104034", 
              "0.488666527", 
              "0.448208679"
          ], 
          "2007": [
              "0.485783805", 
              "0.475295312", 
              "0.524278378", 
              "0.397299127", 
              "0.430400297", 
              "0.456679749", 
              "0.571979397", 
              "0.562253153", 
              "0.33716669", 
              "0.373473222", 
              "0.323787954", 
              "0.447248367", 
              "0.488622011", 
              "0.479673106", 
              "0.453538504"
          ], 
          "2008": [
              "0.485167831", 
              "0.46073893", 
              "0.544542064", 
              "0.415643309", 
              "0.43313073", 
              "0.427154065", 
              "0.571404208", 
              "0.55143415", 
              "0.37444794", 
              "0.40154491", 
              "0.362905105", 
              "0.472534846", 
              "0.468970723", 
              "0.459770699", 
              "0.452983225"
          ], 
          "2009": [
              "0.479915839", 
              "0.492632149", 
              "0.545768223", 
              "0.412921281", 
              "0.443993657", 
              "0.450825805", 
              "0.569799419", 
              "0.581844655", 
              "0.348430959", 
              "0.358832283", 
              "0.326469892", 
              "0.456737795", 
              "0.48727992", 
              "0.47221616", 
              "0.407057978"
          ], 
          "2010": [
              "0.456934412", 
              "0.450081487", 
              "0.529733082", 
              "0.411217965", 
              "0.410257906", 
              "0.418658086", 
              "0.535494735", 
              "0.550187688", 
              "0.340425377", 
              "0.35231248", 
              "0.31520096", 
              "0.432984474", 
              "0.471047339", 
              "0.458048692", 
              "0.418484063"
          ], 
          "2011": [
              "0.573748", 
              "0.481325735", 
              "0.545892405", 
              "0.431610693", 
              "0.480292899", 
              "0.498585057", 
              "0.600868055", 
              "0.560475089", 
              "0.376493582", 
              "0.425043843", 
              "0.345102028", 
              "0.469002703", 
              "0.54046228", 
              "0.504249549", 
              "0.444819673"
          ], 
          "2012": [
              "0.506314442", 
              "0.502563526", 
              "0.554432797", 
              "0.451053324", 
              "0.466131358", 
              "0.492023505", 
              "0.594209671", 
              "0.586309548", 
              "0.380557819", 
              "0.388865112", 
              "0.335577138", 
              "0.489356501", 
              "0.507025731", 
              "0.525733417", 
              "0.48205394"
          ], 
          "2013": [
              "0.520454949", 
              "0.496916683", 
              "0.549862956", 
              "0.413491463", 
              "0.452100662", 
              "0.482246088", 
              "0.586031693", 
              "0.568051301", 
              "0.392346839", 
              "0.397127644", 
              "0.358182811", 
              "0.489789453", 
              "0.496772469", 
              "0.512157747", 
              "0.491089886"
          ], 
          "2014": [
              "0.471533161", 
              "0.467176958", 
              "0.51820959", 
              "0.428316978", 
              "0.441771135", 
              "0.429786941", 
              "0.548498846", 
              "0.501055576", 
              "0.386299635", 
              "0.401068112", 
              "0.360514922", 
              "0.490746157", 
              "0.462977981", 
              "0.449509895", 
              "0.462966792"
          ], 
          "2015": [
              "0.453364589", 
              "0.467176958", 
              "0.509292103", 
              "0.390546139", 
              "0.391855656", 
              "0.454581376", 
              "0.530846217", 
              "0.548556137", 
              "0.317181933", 
              "0.331995857", 
              "0.302109129", 
              "0.39743886", 
              "0.486932196", 
              "0.468990902", 
              "0.4273002"
          ]
      }
  }, 
  {
      "city_name": [
          "城关区", 
          "七里河区", 
          "西固区", 
          "安宁区", 
          "红古区", 
          "永登县", 
          "皋兰县", 
          "榆中县", 
          "白银区", 
          "平川区", 
          "靖远县", 
          "景泰县", 
          "安定区", 
          "陇西县", 
          "渭源县", 
          "临洮县", 
          "临夏市", 
          "永靖县", 
          "东乡族自治", 
          "积石山保安", 
          "城东区", 
          "城中区", 
          "城西区", 
          "城北区", 
          "大通回族土", 
          "湟中县", 
          "湟源县", 
          "乐都区", 
          "平安区", 
          "民和回族土", 
          "互助土族自", 
          "化隆回族自", 
          "循化撒拉族", 
          "海晏县", 
          "同仁县", 
          "尖扎县", 
          "共和县", 
          "贵德县", 
          "贵南县"
      ], 
      "sum_data": {
          "2000": [
              "0.309667", 
              "0.415244", 
              "0.328622", 
              "0.302488", 
              "0.320368", 
              "0.366118", 
              "0.273571", 
              "0.361533", 
              "0.236909", 
              "0.237515", 
              "0.244475", 
              "0.217474", 
              "0.311892", 
              "0.344838", 
              "0.525604", 
              "0.401093", 
              "0.601265", 
              "0.334071", 
              "0.359968", 
              "0.5363", 
              "0.323111", 
              "0.456968", 
              "0.393448", 
              "0.497113", 
              "0.68419", 
              "0.644012", 
              "0.619974", 
              "0.487289", 
              "0.468071", 
              "0.465241", 
              "0.63613", 
              "0.463939", 
              "0.525557", 
              "0.580382", 
              "0.647791", 
              "0.517795", 
              "0.373893", 
              "0.405778", 
              "0.445404"
          ], 
          "2001": [
              "0.284275", 
              "0.440846", 
              "0.313156", 
              "0.286", 
              "0.317193", 
              "0.356996", 
              "0.257527", 
              "0.387062", 
              "0.248678", 
              "0.252712", 
              "0.271572", 
              "0.263383", 
              "0.359369", 
              "0.407952", 
              "0.585437", 
              "0.45552", 
              "0.638612", 
              "0.33505", 
              "0.369386", 
              "0.599722", 
              "0.415692", 
              "0.543108", 
              "0.46731", 
              "0.56388", 
              "0.689306", 
              "0.687117", 
              "0.663204", 
              "0.549521", 
              "0.550694", 
              "0.483667", 
              "0.670241", 
              "0.482307", 
              "0.532701", 
              "0.579216", 
              "0.651918", 
              "0.533651", 
              "0.391607", 
              "0.441878", 
              "0.509332"
          ], 
          "2002": [
              "0.31002", 
              "0.506478", 
              "0.380311", 
              "0.347415", 
              "0.364623", 
              "0.41579", 
              "0.322722", 
              "0.442549", 
              "0.291218", 
              "0.315793", 
              "0.327148", 
              "0.293522", 
              "0.415441", 
              "0.452236", 
              "0.636679", 
              "0.503825", 
              "0.643102", 
              "0.430629", 
              "0.441148", 
              "0.65032", 
              "0.357128", 
              "0.527261", 
              "0.444414", 
              "0.554436", 
              "0.689589", 
              "0.694093", 
              "0.653809", 
              "0.551781", 
              "0.514422", 
              "0.577017", 
              "0.645262", 
              "0.521648", 
              "0.548105", 
              "0.571224", 
              "0.643387", 
              "0.555587", 
              "0.406793", 
              "0.432585", 
              "0.472159"
          ], 
          "2003": [
              "0.284078", 
              "0.464687", 
              "0.371756", 
              "0.338293", 
              "0.326394", 
              "0.391077", 
              "0.281954", 
              "0.400545", 
              "0.277809", 
              "0.288893", 
              "0.299414", 
              "0.261964", 
              "0.383286", 
              "0.432246", 
              "0.610712", 
              "0.4867", 
              "0.621959", 
              "0.355575", 
              "0.440899", 
              "0.623907", 
              "0.407521", 
              "0.540968", 
              "0.476138", 
              "0.57988", 
              "0.702596", 
              "0.70164", 
              "0.669488", 
              "0.562833", 
              "0.546536", 
              "0.542778", 
              "0.680113", 
              "0.525595", 
              "0.56116", 
              "0.581082", 
              "0.664512", 
              "0.575728", 
              "0.391258", 
              "0.450821", 
              "0.498009"
          ], 
          "2004": [
              "0.23451", 
              "0.47791", 
              "0.360544", 
              "0.281805", 
              "0.321186", 
              "0.333364", 
              "0.220317", 
              "0.371131", 
              "0.214081", 
              "0.218292", 
              "0.235764", 
              "0.203409", 
              "0.406522", 
              "0.472127", 
              "0.625028", 
              "0.497155", 
              "0.617673", 
              "0.374766", 
              "0.430823", 
              "0.619118", 
              "0.357607", 
              "0.510904", 
              "0.421172", 
              "0.559188", 
              "0.701795", 
              "0.710414", 
              "0.670356", 
              "0.556008", 
              "0.543744", 
              "0.535291", 
              "0.676045", 
              "0.538136", 
              "0.583545", 
              "0.564635", 
              "0.691692", 
              "0.59181", 
              "0.386648", 
              "0.458711", 
              "0.512574"
          ], 
          "2005": [
              "0.252843", 
              "0.486617", 
              "0.340144", 
              "0.272293", 
              "0.312323", 
              "0.33979", 
              "0.205985", 
              "0.388108", 
              "0.177951", 
              "0.198324", 
              "0.204227", 
              "0.194071", 
              "0.44245", 
              "0.502898", 
              "0.653484", 
              "0.531941", 
              "0.630531", 
              "0.388063", 
              "0.46439", 
              "0.62744", 
              "0.406667", 
              "0.53335", 
              "0.462759", 
              "0.58806", 
              "0.709765", 
              "0.716899", 
              "0.69221", 
              "0.569471", 
              "0.561524", 
              "0.546347", 
              "0.680052", 
              "0.550528", 
              "0.582516", 
              "0.594537", 
              "0.714928", 
              "0.6104", 
              "0.443279", 
              "0.488882", 
              "0.531461"
          ], 
          "2006": [
              "0.180686", 
              "0.379891", 
              "0.255189", 
              "0.212098", 
              "0.248195", 
              "0.323612", 
              "0.183051", 
              "0.305221", 
              "0.175091", 
              "0.189982", 
              "0.205498", 
              "0.204923", 
              "0.358927", 
              "0.42881", 
              "0.596703", 
              "0.4565", 
              "0.594939", 
              "0.289188", 
              "0.364827", 
              "0.625724", 
              "0.322667", 
              "0.479592", 
              "0.40331", 
              "0.520451", 
              "0.726166", 
              "0.712033", 
              "0.700972", 
              "0.523855", 
              "0.534824", 
              "0.491738", 
              "0.66975", 
              "0.51349", 
              "0.548839", 
              "0.600374", 
              "0.693072", 
              "0.59419", 
              "0.427763", 
              "0.477792", 
              "0.530044"
          ], 
          "2007": [
              "0.452098", 
              "0.53393", 
              "0.467833", 
              "0.392732", 
              "0.433156", 
              "0.447885", 
              "0.413804", 
              "0.493352", 
              "0.367047", 
              "0.329183", 
              "0.387145", 
              "0.307571", 
              "0.457808", 
              "0.500495", 
              "0.662393", 
              "0.562522", 
              "0.636163", 
              "0.433889", 
              "0.480262", 
              "0.631369", 
              "0.430427", 
              "0.55549", 
              "0.476", 
              "0.58418", 
              "0.713786", 
              "0.719763", 
              "0.702273", 
              "0.581692", 
              "0.591211", 
              "0.551431", 
              "0.699908", 
              "0.578476", 
              "0.592657", 
              "0.601853", 
              "0.701836", 
              "0.628913", 
              "0.416842", 
              "0.509719", 
              "0.538389"
          ], 
          "2008": [
              "0.342824", 
              "0.48604", 
              "0.360389", 
              "0.294683", 
              "0.380683", 
              "0.415564", 
              "0.306953", 
              "0.424955", 
              "0.258182", 
              "0.240441", 
              "0.270119", 
              "0.241298", 
              "0.429305", 
              "0.532323", 
              "0.684836", 
              "0.556098", 
              "0.661837", 
              "0.428809", 
              "0.48677", 
              "0.663237", 
              "0.376308", 
              "0.530777", 
              "0.421034", 
              "0.545594", 
              "0.704755", 
              "0.709359", 
              "0.665659", 
              "0.590548", 
              "0.581573", 
              "0.573132", 
              "0.69111", 
              "0.587961", 
              "0.603251", 
              "0.561119", 
              "0.706963", 
              "0.630182", 
              "0.412527", 
              "0.492894", 
              "0.535319"
          ], 
          "2009": [
              "0.408529", 
              "0.504886", 
              "0.390889", 
              "0.375122", 
              "0.342874", 
              "0.361554", 
              "0.345863", 
              "0.448555", 
              "0.247414", 
              "0.239521", 
              "0.276038", 
              "0.219444", 
              "0.465692", 
              "0.497685", 
              "0.644956", 
              "0.522178", 
              "0.619184", 
              "0.411478", 
              "0.470942", 
              "0.658329", 
              "0.421949", 
              "0.54135", 
              "0.432759", 
              "0.556481", 
              "0.724019", 
              "0.720757", 
              "0.698014", 
              "0.60302", 
              "0.603211", 
              "0.567178", 
              "0.695394", 
              "0.59349", 
              "0.60349", 
              "0.610212", 
              "0.709915", 
              "0.627397", 
              "0.441416", 
              "0.494194", 
              "0.548528"
          ], 
          "2010": [
              "0.261686", 
              "0.519234", 
              "0.322722", 
              "0.257073", 
              "0.316435", 
              "0.366176", 
              "0.256773", 
              "0.455686", 
              "0.209797", 
              "0.280447", 
              "0.27334", 
              "0.209731", 
              "0.523248", 
              "0.516447", 
              "0.662126", 
              "0.557882", 
              "0.632653", 
              "0.413489", 
              "0.499019", 
              "0.666942", 
              "0.444479", 
              "0.578548", 
              "0.455931", 
              "0.565113", 
              "0.736036", 
              "0.733965", 
              "0.704651", 
              "0.6302", 
              "0.622781", 
              "0.615573", 
              "0.705635", 
              "0.592209", 
              "0.615549", 
              "0.625377", 
              "0.734026", 
              "0.657951", 
              "0.487785", 
              "0.539722", 
              "0.589905"
          ], 
          "2011": [
              "0.311137", 
              "0.48591", 
              "0.367467", 
              "0.280439", 
              "0.374559", 
              "0.413551", 
              "0.318007", 
              "0.416275", 
              "0.271665", 
              "0.277668", 
              "0.320928", 
              "0.297661", 
              "0.398681", 
              "0.470069", 
              "0.593625", 
              "0.51049", 
              "0.617633", 
              "0.3895", 
              "0.445066", 
              "0.628106", 
              "0.392991", 
              "0.507924", 
              "0.426828", 
              "0.537023", 
              "0.721318", 
              "0.718732", 
              "0.708827", 
              "0.581273", 
              "0.564756", 
              "0.574521", 
              "0.683678", 
              "0.551417", 
              "0.584889", 
              "0.598349", 
              "0.700007", 
              "0.6078", 
              "0.44586", 
              "0.494859", 
              "0.54105"
          ], 
          "2012": [
              "0.307412", 
              "0.522677", 
              "0.395722", 
              "0.294585", 
              "0.426041", 
              "0.48963", 
              "0.32635", 
              "0.482552", 
              "0.290632", 
              "0.335944", 
              "0.351483", 
              "0.322336", 
              "0.501848", 
              "0.552134", 
              "0.702895", 
              "0.609534", 
              "0.641306", 
              "0.482913", 
              "0.535067", 
              "0.653129", 
              "0.448239", 
              "0.565554", 
              "0.495586", 
              "0.570707", 
              "0.734214", 
              "0.717859", 
              "0.696925", 
              "0.632964", 
              "0.607439", 
              "0.618862", 
              "0.715791", 
              "0.598681", 
              "0.612683", 
              "0.624518", 
              "0.720442", 
              "0.638141", 
              "0.476519", 
              "0.523867", 
              "0.58288"
          ], 
          "2013": [
              "0.401216", 
              "0.589224", 
              "0.4814", 
              "0.348341", 
              "0.4517", 
              "0.477165", 
              "0.416415", 
              "0.547848", 
              "0.317646", 
              "0.345004", 
              "0.351754", 
              "0.306625", 
              "0.637641", 
              "0.691871", 
              "0.748693", 
              "0.673502", 
              "0.667347", 
              "0.549335", 
              "0.632522", 
              "0.697645", 
              "0.402222", 
              "0.529172", 
              "0.460966", 
              "0.544391", 
              "0.724008", 
              "0.721457", 
              "0.704601", 
              "0.646872", 
              "0.597513", 
              "0.661398", 
              "0.710539", 
              "0.630371", 
              "0.640219", 
              "0.605213", 
              "0.728247", 
              "0.663572", 
              "0.436396", 
              "0.528485", 
              "0.557208"
          ], 
          "2014": [
              "0.238354", 
              "0.511838", 
              "0.300933", 
              "0.206892", 
              "0.280973", 
              "0.387856", 
              "0.232003", 
              "0.462556", 
              "0.228895", 
              "0.238299", 
              "0.25857", 
              "0.231373", 
              "0.55018", 
              "0.65545", 
              "0.756323", 
              "0.598487", 
              "0.618531", 
              "0.374377", 
              "0.447912", 
              "0.670149", 
              "0.421621", 
              "0.503179", 
              "0.478643", 
              "0.490376", 
              "0.756114", 
              "0.759572", 
              "0.744915", 
              "0.58732", 
              "0.584898", 
              "0.597096", 
              "0.721855", 
              "0.550324", 
              "0.589965", 
              "0.663872", 
              "0.722417", 
              "0.621765", 
              "0.511747", 
              "0.478691", 
              "0.547833"
          ], 
          "2015": [
              "0.238354", 
              "0.511838", 
              "0.300933", 
              "0.206892", 
              "0.280973", 
              "0.387856", 
              "0.232003", 
              "0.462556", 
              "0.228895", 
              "0.238299", 
              "0.25857", 
              "0.231373", 
              "0.55018", 
              "0.65545", 
              "0.756323", 
              "0.598487", 
              "0.618531", 
              "0.374377", 
              "0.447912", 
              "0.670149", 
              "0.421621", 
              "0.503179", 
              "0.478643", 
              "0.490376", 
              "0.756114", 
              "0.759572", 
              "0.744915", 
              "0.58732", 
              "0.584898", 
              "0.597096", 
              "0.721855", 
              "0.550324", 
              "0.589965", 
              "0.663872", 
              "0.722417", 
              "0.621765", 
              "0.511747", 
              "0.478691", 
              "0.547833"
          ]
      }
  }, 
  {
      "city_name": [
          "康马县", 
          "定结县", 
          "岗巴县", 
          "定日县", 
          "仲巴县", 
          "亚东县", 
          "吉隆县", 
          "聂拉木县", 
          "萨嘎县", 
          "普兰县", 
          "札达县", 
          "噶尔县", 
          "日土县", 
          "米林县", 
          "墨脱县", 
          "察隅县", 
          "朗县", 
          "洛扎县", 
          "隆子县", 
          "错那县", 
          "浪卡子县"
      ], 
      "sum_data": {
          "2000": [
              "0.208354997", 
              "0.222057944", 
              "0.216462571", 
              "0.229539113", 
              "0.224074848", 
              "0.400137239", 
              "0.256944136", 
              "0.230270457", 
              "0.268608864", 
              "0.20424603", 
              "0.145894364", 
              "0.161289622", 
              "0.110086631", 
              "0.467056187", 
              "0.489002142", 
              "0.45885891", 
              "0.517817382", 
              "0.291565485", 
              "0.463368418", 
              "0.33406494", 
              "0.330873019"
          ], 
          "2001": [
              "0.225570654", 
              "0.215849397", 
              "0.231317524", 
              "0.225327301", 
              "0.219920879", 
              "0.417616626", 
              "0.244395321", 
              "0.226307311", 
              "0.267133507", 
              "0.188305454", 
              "0.129588043", 
              "0.147159636", 
              "0.110217183", 
              "0.489258126", 
              "0.51498469", 
              "0.438496574", 
              "0.527191656", 
              "0.292752662", 
              "0.458510784", 
              "0.332175407", 
              "0.333962569"
          ], 
          "2002": [
              "0.228359608", 
              "0.217717993", 
              "0.227451445", 
              "0.224867673", 
              "0.211382493", 
              "0.463313697", 
              "0.247775337", 
              "0.220567665", 
              "0.263818659", 
              "0.19306066", 
              "0.13604814", 
              "0.140993532", 
              "0.109960733", 
              "0.571086432", 
              "0.649396492", 
              "0.545255959", 
              "0.560900615", 
              "0.346888161", 
              "0.499565049", 
              "0.411452209", 
              "0.351147815"
          ], 
          "2003": [
              "0.22640875", 
              "0.224271742", 
              "0.224641378", 
              "0.226805459", 
              "0.226703125", 
              "0.475815132", 
              "0.2462318", 
              "0.216734531", 
              "0.268010957", 
              "0.197959537", 
              "0.148491775", 
              "0.157544273", 
              "0.10840185", 
              "0.637460969", 
              "0.684274732", 
              "0.523898703", 
              "0.583820442", 
              "0.365754134", 
              "0.534917892", 
              "0.407458424", 
              "0.339760576"
          ], 
          "2004": [
              "0.209459475", 
              "0.210102928", 
              "0.212542233", 
              "0.221891844", 
              "0.203535003", 
              "0.435691281", 
              "0.234701125", 
              "0.204189102", 
              "0.248388546", 
              "0.162056204", 
              "0.114741473", 
              "0.131476269", 
              "0.105296905", 
              "0.579059239", 
              "0.565589805", 
              "0.44289479", 
              "0.582453443", 
              "0.361437016", 
              "0.495910528", 
              "0.397048239", 
              "0.332752676"
          ], 
          "2005": [
              "0.207410158", 
              "0.215581154", 
              "0.202884015", 
              "0.235082927", 
              "0.216424253", 
              "0.46413074", 
              "0.24475348", 
              "0.230179958", 
              "0.268646212", 
              "0.184715343", 
              "0.128256749", 
              "0.131930308", 
              "0.105360745", 
              "0.606119926", 
              "0.646762889", 
              "0.498684002", 
              "0.575078842", 
              "0.357387319", 
              "0.510357943", 
              "0.448335763", 
              "0.318392765"
          ], 
          "2006": [
              "0.205629476", 
              "0.216838897", 
              "0.199996076", 
              "0.222746688", 
              "0.213633419", 
              "0.472268154", 
              "0.243181407", 
              "0.222947946", 
              "0.257394868", 
              "0.183611649", 
              "0.14359956", 
              "0.145032576", 
              "0.109352785", 
              "0.632267772", 
              "0.757266015", 
              "0.601697848", 
              "0.571100369", 
              "0.37377231", 
              "0.563699724", 
              "0.515454933", 
              "0.331481105"
          ], 
          "2007": [
              "0.21101878", 
              "0.201402347", 
              "0.211034253", 
              "0.216131829", 
              "0.221345868", 
              "0.437522523", 
              "0.239603736", 
              "0.212780631", 
              "0.266850309", 
              "0.188611953", 
              "0.133911107", 
              "0.143747158", 
              "0.1096082", 
              "0.608839324", 
              "0.593048948", 
              "0.533056572", 
              "0.577282039", 
              "0.359940739", 
              "0.513165597", 
              "0.407994866", 
              "0.330294949"
          ], 
          "2008": [
              "0.234355846", 
              "0.218192097", 
              "0.234639113", 
              "0.22978763", 
              "0.229475013", 
              "0.402021311", 
              "0.248412784", 
              "0.229839049", 
              "0.27626871", 
              "0.204620393", 
              "0.142773383", 
              "0.150360488", 
              "0.111888225", 
              "0.497596613", 
              "0.499278148", 
              "0.400253862", 
              "0.515816677", 
              "0.292278661", 
              "0.433028288", 
              "0.373629576", 
              "0.341828405"
          ], 
          "2009": [
              "0.201488791", 
              "0.215843791", 
              "0.219100709", 
              "0.213504373", 
              "0.191843966", 
              "0.461294818", 
              "0.219346383", 
              "0.195448211", 
              "0.223071066", 
              "0.165488307", 
              "0.12271739", 
              "0.132883826", 
              "0.105715011", 
              "0.610004376", 
              "0.664283706", 
              "0.547680224", 
              "0.584054326", 
              "0.364553448", 
              "0.519242953", 
              "0.426703476", 
              "0.317990239"
          ], 
          "2010": [
              "0.204309405", 
              "0.200040823", 
              "0.212354807", 
              "0.210726352", 
              "0.210578392", 
              "0.417809939", 
              "0.214734608", 
              "0.202017195", 
              "0.237124714", 
              "0.193185916", 
              "0.1411361", 
              "0.144416398", 
              "0.113814553", 
              "0.531315259", 
              "0.484903123", 
              "0.506445654", 
              "0.503808857", 
              "0.298967227", 
              "0.447834992", 
              "0.333023378", 
              "0.319549538"
          ], 
          "2011": [
              "0.239097161", 
              "0.214640264", 
              "0.237443062", 
              "0.238024441", 
              "0.250985384", 
              "0.463077569", 
              "0.24912848", 
              "0.251027519", 
              "0.279044288", 
              "0.236892307", 
              "0.160205582", 
              "0.162721748", 
              "0.116108037", 
              "0.635579545", 
              "0.688114848", 
              "0.576792373", 
              "0.589117291", 
              "0.367975709", 
              "0.545053757", 
              "0.445665439", 
              "0.370323334"
          ], 
          "2012": [
              "0.220027606", 
              "0.230109123", 
              "0.216676073", 
              "0.24625304", 
              "0.230173723", 
              "0.470108624", 
              "0.266257785", 
              "0.244075824", 
              "0.285303481", 
              "0.201739878", 
              "0.134640444", 
              "0.141492789", 
              "0.112068146", 
              "0.607025416", 
              "0.666816999", 
              "0.524482776", 
              "0.578315766", 
              "0.365165075", 
              "0.534332056", 
              "0.429689317", 
              "0.364551593"
          ], 
          "2013": [
              "0.228230013", 
              "0.219595622", 
              "0.219810617", 
              "0.241789848", 
              "0.239059848", 
              "0.478861241", 
              "0.270444769", 
              "0.240339074", 
              "0.28399122", 
              "0.230767522", 
              "0.162580902", 
              "0.162542657", 
              "0.11523865", 
              "0.64190968", 
              "0.766176094", 
              "0.610451648", 
              "0.568223103", 
              "0.366494553", 
              "0.565612415", 
              "0.510726093", 
              "0.367065138"
          ], 
          "2014": [
              "0.224470177", 
              "0.217854172", 
              "0.219133786", 
              "0.233651966", 
              "0.240121874", 
              "0.446605929", 
              "0.253540205", 
              "0.232480308", 
              "0.267303586", 
              "0.211351156", 
              "0.147421076", 
              "0.156469005", 
              "0.118011281", 
              "0.443818782", 
              "0.371185287", 
              "0.374223828", 
              "0.513039293", 
              "0.303279865", 
              "0.38274022", 
              "0.354015765", 
              "0.348644896"
          ], 
          "2015": [
              "0.208159525", 
              "0.219050188", 
              "0.200218268", 
              "0.232488609", 
              "0.207521568", 
              "0.483390078", 
              "0.265731906", 
              "0.224122658", 
              "0.23470826", 
              "0.20230087", 
              "0.157622836", 
              "0.158118223", 
              "0.117122883", 
              "0.670920087", 
              "0.768978436", 
              "0.624371396", 
              "0.594402237", 
              "0.372920939", 
              "0.564098975", 
              "0.503501029", 
              "0.323192431"
          ]
      }
  }
]